{
  "observed_contrast": -0.0007767043144378816,
  "null_mean": 0.00021295085529074472,
  "null_std": 0.014645311548783914,
  "p_value": 0.4128,
  "n_perm": 10000,
  "n_in_group_a": 6,
  "n_in_group_b": 25
}