density,c_hat,exponent
disk,0.34332712971013646,-0.32614187491810437
gaussian,0.22243699419716054,-0.19214058308450255
mixture-2,0.33107965719344995,-0.23385786288225316
