y_type,n,exponent,prefactor,pearson_r
band-20,13,-0.029914762527590903,0.7346419616854808,-0.31193940765614636
heat-t2,13,0.20662537706466363,0.5965670455736953,0.5949822761367427
heat-t5,13,-0.007500434778419127,0.40651119750958153,0.19453794388259193
spatial,13,-0.05249190655798312,0.709826875253206,-0.5365172338525918
