{
  "n_cities": 18,
  "regression_coefs": [
    {
      "name": "z_kde",
      "estimate": -0.0011193192894667062,
      "se": 0.017358379060103814,
      "t": -0.0644829385042829,
      "p_value": 0.9494372063701411
    },
    {
      "name": "log_N",
      "estimate": -0.0008988372723393659,
      "se": 0.06428925609544245,
      "t": -0.013981142836759091,
      "p_value": 0.9890292900147948
    },
    {
      "name": "intercept",
      "estimate": 0.3293324044972397,
      "se": 0.3493437399959389,
      "t": 0.9427173491102724,
      "p_value": 0.3607623578980561
    }
  ],
  "pearson_r_zkde_r2": -0.0170834228252792,
  "pearson_p": 0.946358884198916,
  "z_kde_slope": -0.0011193192894667062,
  "z_kde_slope_p": 0.9494372063701411,
  "preregistered_direction": "negative",
  "observed_sign_matches": true
}