{
  "dirichlet_correlations": {
    "r2_aug_mean": {
      "z_kde": 0.3172563277951206,
      "dirichlet": -0.8955097761100063
    },
    "r2_base_mean": {
      "z_kde": 0.3837196871611545,
      "dirichlet": -0.8144895394109575
    },
    "gain_mean": {
      "z_kde": -0.33500899288265007,
      "dirichlet": -0.2506213848701664
    }
  },
  "lmm_gain": {
    "intercept": 0.04253680635864489,
    "z_kde_beta": -0.00911725588761924,
    "z_kde_p": 0.015756043042919426,
    "z_kde2_beta": -0.0006886272394260571,
    "z_kde2_p": 0.06087598569078482,
    "z_peak": -6.619877464633916,
    "sign_correct": true,
    "sig_005": false,
    "sig_001": false
  }
}